farm_id,field_id,latitude,longitude,area_acres,soil_type,crop_type,installation_date
F0001,FD0001,19.336561,72.700086,4.49,Sandy,Wheat,2026-01-27
F0002,FD0002,19.560197,79.637437,1.76,Silty,Cotton,2026-01-08
F0003,FD0003,16.062171,74.361287,9.23,Black,Wheat,2026-06-16
F0004,FD0004,19.70795,75.856159,7.01,Loamy,Cotton,2026-02-10
F0005,FD0005,19.688836,75.222004,2.75,Loamy,Cotton,2026-01-24
F0006,FD0006,17.779564,75.371835,5.49,Loamy,Cotton,2026-04-28
F0007,FD0007,18.717369,80.284926,5.99,Black,Rice,2026-06-10
F0008,FD0008,19.211119,79.393655,8.87,Red,Cotton,2026-01-12
F0009,FD0009,19.46758,78.684547,14.79,Sandy,Cotton,2026-04-08
F0010,FD0010,17.167842,77.585476,5.79,Loamy,Rice,2026-02-23
F0011,FD0011,19.521051,78.114563,10.41,Clay,Sugarcane,2026-06-12
F0012,FD0012,16.526832,78.333014,2.87,Silty,Rice,2026-06-13
F0013,FD0013,19.628972,74.256921,5.2,Clay,Wheat,2026-01-09
F0014,FD0014,20.330275,75.709318,1.46,Black,Soybean,2026-03-22
F0015,FD0015,16.775759,76.49385,13.33,Red,Maize,2026-02-06
F0016,FD0016,17.089281,74.47302,8.64,Loamy,Soybean,2026-05-30
F0017,FD0017,18.070603,77.168263,5.75,Sandy,Sugarcane,2026-05-07
F0018,FD0018,16.045456,72.876931,2.09,Red,Wheat,2026-06-24
F0019,FD0019,18.03296,73.008222,6.03,Silty,Sugarcane,2026-03-06
F0020,FD0020,21.32647,79.386238,0.67,Red,Cotton,2026-06-24
F0021,FD0021,20.808731,78.507022,11.64,Loamy,Cotton,2026-03-17
F0022,FD0022,18.108592,76.12979,14.33,Red,Rice,2026-05-09
F0023,FD0023,20.071773,76.561453,2.04,Red,Rice,2026-06-13
F0024,FD0024,18.545977,74.091289,5.92,Sandy,Sugarcane,2026-05-16
F0025,FD0025,21.010961,77.291557,7.58,Clay,Rice,2026-03-20
F0026,FD0026,16.936714,74.426973,8.73,Clay,Cotton,2026-05-05
F0027,FD0027,20.39614,80.323876,8.22,Sandy,Wheat,2026-06-18
F0028,FD0028,18.351694,76.898429,4.34,Black,Maize,2026-02-24
F0029,FD0029,21.073481,78.542122,10.5,Red,Rice,2026-04-13
F0030,FD0030,21.470896,77.699024,6.85,Black,Maize,2026-01-31
F0031,FD0031,16.987434,73.012207,0.8,Black,Wheat,2026-05-31
F0032,FD0032,16.821304,73.067945,9.65,Sandy,Cotton,2026-01-09
F0033,FD0033,20.657812,73.066859,3.95,Red,Maize,2026-02-24
F0034,FD0034,18.735404,78.286821,13.29,Black,Maize,2026-03-04
F0035,FD0035,20.207717,78.959976,3.26,Clay,Soybean,2026-04-21
F0036,FD0036,17.625785,75.788818,13.03,Clay,Soybean,2026-06-17
F0037,FD0037,21.404991,73.287343,6.34,Loamy,Cotton,2026-03-05
F0038,FD0038,16.64954,76.790286,2.53,Sandy,Rice,2026-04-29
F0039,FD0039,16.998839,79.886125,6.93,Black,Cotton,2026-01-13
F0040,FD0040,19.412869,76.824704,0.71,Clay,Wheat,2026-02-12
F0041,FD0041,17.938484,76.350867,13.04,Clay,Wheat,2026-04-08
F0042,FD0042,15.512932,75.623374,13.93,Silty,Rice,2026-04-19
F0043,FD0043,19.679549,78.344043,11.86,Red,Soybean,2026-05-05
F0044,FD0044,16.428781,74.873663,14.55,Black,Soybean,2026-05-19
F0045,FD0045,15.865745,75.008838,1.23,Silty,Sugarcane,2026-05-16
F0046,FD0046,16.444596,80.186231,1.66,Sandy,Cotton,2026-06-02
F0047,FD0047,15.907765,79.394554,6.35,Black,Wheat,2026-05-29
F0048,FD0048,19.067115,77.455052,6.58,Black,Sugarcane,2026-05-14
F0049,FD0049,17.398219,74.586126,10.21,Loamy,Wheat,2026-03-09
F0050,FD0050,17.874715,77.873522,4.85,Loamy,Cotton,2026-01-03
F0051,FD0051,18.249713,80.487636,14.94,Clay,Sugarcane,2026-02-24
F0052,FD0052,18.535308,73.559653,5.56,Clay,Wheat,2026-04-05
F0053,FD0053,17.209924,76.005477,8.38,Loamy,Sugarcane,2026-06-17
F0054,FD0054,18.673644,77.842906,8.54,Red,Cotton,2026-02-04
F0055,FD0055,17.086796,79.617702,11.27,Sandy,Rice,2026-03-14
F0056,FD0056,19.128979,78.240897,3.45,Red,Rice,2026-05-10
F0057,FD0057,18.431191,79.742692,12.77,Clay,Soybean,2026-04-19
F0058,FD0058,20.476089,72.852694,5.34,Sandy,Soybean,2026-03-09
F0059,FD0059,16.469492,76.034684,10.73,Black,Cotton,2026-01-29
F0060,FD0060,15.951463,79.564851,13.61,Black,Cotton,2026-04-05
F0061,FD0061,18.995057,73.68475,2.35,Loamy,Rice,2026-01-11
F0062,FD0062,20.893548,74.180612,4.12,Clay,Rice,2026-05-24
F0063,FD0063,20.804808,75.751019,9.5,Sandy,Wheat,2026-02-11
F0064,FD0064,21.357236,78.986174,13.28,Clay,Wheat,2026-03-27
F0065,FD0065,20.194319,75.793705,10.21,Red,Wheat,2026-03-10
F0066,FD0066,16.455187,78.110226,6.05,Clay,Maize,2026-02-26
F0067,FD0067,16.697437,79.847615,5.57,Sandy,Wheat,2026-01-07
F0068,FD0068,19.460199,75.687728,4.54,Clay,Rice,2026-03-31
F0069,FD0069,19.34889,75.697427,14.73,Black,Rice,2026-01-08
F0070,FD0070,16.192051,80.263205,3.09,Loamy,Cotton,2026-01-28
F0071,FD0071,19.079428,75.265497,11.9,Silty,Sugarcane,2026-05-11
F0072,FD0072,16.193875,79.696038,3.26,Clay,Soybean,2026-04-22
F0073,FD0073,15.510148,79.904601,8.31,Red,Soybean,2026-06-21
F0074,FD0074,16.682211,75.950379,14.26,Loamy,Sugarcane,2026-03-22
F0075,FD0075,19.480325,73.497003,13.55,Black,Rice,2026-06-20
F0076,FD0076,17.950357,75.719203,4.79,Sandy,Wheat,2026-04-18
F0077,FD0077,19.489577,75.533162,11.35,Sandy,Sugarcane,2026-05-26
F0078,FD0078,17.305699,76.883498,0.51,Loamy,Wheat,2026-04-21
F0079,FD0079,20.214553,77.353293,5.17,Silty,Maize,2026-06-22
F0080,FD0080,16.782208,76.285489,13.57,Red,Wheat,2026-06-18
F0081,FD0081,16.008773,76.623616,9.68,Loamy,Cotton,2026-03-02
F0082,FD0082,19.536774,74.297125,3.39,Clay,Cotton,2026-03-04
F0083,FD0083,21.403616,77.390192,11.64,Silty,Maize,2026-06-11
F0084,FD0084,18.954025,78.246767,6.07,Silty,Wheat,2026-02-07
F0085,FD0085,19.436348,72.544359,11.39,Clay,Maize,2026-02-26
F0086,FD0086,16.55532,80.163728,8.01,Clay,Sugarcane,2026-03-05
F0087,FD0087,21.00482,73.470869,2.43,Silty,Soybean,2026-05-16
F0088,FD0088,21.427355,77.263619,14.28,Silty,Sugarcane,2026-05-10
F0089,FD0089,18.060445,79.754838,6.97,Sandy,Soybean,2026-05-02
F0090,FD0090,18.200419,78.514214,12.68,Loamy,Sugarcane,2026-05-05
F0091,FD0091,19.260491,74.69678,1.62,Loamy,Wheat,2026-03-11
F0092,FD0092,17.515085,79.644215,1.67,Sandy,Wheat,2026-04-09
F0093,FD0093,19.663699,78.151353,1.43,Silty,Rice,2026-05-19
F0094,FD0094,18.295546,72.998126,12.58,Silty,Sugarcane,2026-06-28
F0095,FD0095,15.617192,79.545253,8.85,Silty,Cotton,2026-04-01
F0096,FD0096,17.291676,75.619893,13.43,Silty,Sugarcane,2026-05-20
F0097,FD0097,20.299209,79.682491,7.58,Loamy,Maize,2026-05-05
F0098,FD0098,15.674149,75.189036,10.35,Silty,Soybean,2026-02-12
F0099,FD0099,20.543034,79.856333,14.72,Black,Cotton,2026-04-11
F0100,FD0100,19.051357,77.803998,1.72,Silty,Wheat,2026-04-29
F0101,FD0101,16.590374,74.581251,5.25,Silty,Rice,2026-03-28
F0102,FD0102,20.067378,75.53301,11.4,Silty,Rice,2026-01-21
F0103,FD0103,18.321841,78.492194,1.26,Loamy,Wheat,2026-06-16
F0104,FD0104,15.91171,80.158285,1.08,Clay,Wheat,2026-02-21
F0105,FD0105,20.535373,77.470685,3.96,Silty,Soybean,2026-01-30
F0106,FD0106,18.883817,74.243716,10.64,Loamy,Wheat,2026-06-05
F0107,FD0107,19.143485,78.483405,2.16,Sandy,Rice,2026-01-28
F0108,FD0108,18.972108,79.931097,8.85,Silty,Maize,2026-02-20
F0109,FD0109,15.955979,78.024915,9.6,Clay,Soybean,2026-03-19
F0110,FD0110,20.601759,77.303293,2.26,Black,Cotton,2026-03-30
F0111,FD0111,18.696471,77.792171,1.5,Red,Rice,2026-01-04
F0112,FD0112,20.597454,79.078647,2.03,Loamy,Soybean,2026-04-28
F0113,FD0113,19.743852,75.983897,11.14,Red,Rice,2026-06-07
F0114,FD0114,20.349195,76.805383,7.51,Silty,Soybean,2026-06-01
F0115,FD0115,17.110373,79.313705,12.55,Clay,Rice,2026-04-26
F0116,FD0116,16.963181,76.217668,9.35,Silty,Rice,2026-01-08
F0117,FD0117,18.465839,75.100113,7.57,Loamy,Rice,2026-03-29
F0118,FD0118,17.177951,77.26924,13.26,Black,Cotton,2026-05-13
F0119,FD0119,21.188375,73.184904,10.94,Silty,Sugarcane,2026-03-03
F0120,FD0120,19.643656,77.667223,7.62,Clay,Cotton,2026-03-17
F0121,FD0121,16.829578,78.034297,4.94,Black,Rice,2026-05-02
F0122,FD0122,18.820838,75.250059,14.95,Black,Rice,2026-04-01
F0123,FD0123,19.71713,74.667331,4.15,Clay,Soybean,2026-02-19
F0124,FD0124,17.393288,78.443049,14.29,Red,Wheat,2026-02-19
F0125,FD0125,16.798308,76.373589,11.01,Black,Sugarcane,2026-03-14
F0126,FD0126,21.383064,79.161027,4.8,Loamy,Wheat,2026-03-19
F0127,FD0127,15.58489,76.773081,4.48,Clay,Sugarcane,2026-03-16
F0128,FD0128,19.684504,73.510236,13.09,Silty,Cotton,2026-01-04
F0129,FD0129,18.944385,76.255176,6.89,Sandy,Cotton,2026-03-06
F0130,FD0130,21.146382,76.321833,12.42,Silty,Maize,2026-01-19
F0131,FD0131,18.962127,77.991608,2.7,Black,Rice,2026-01-22
F0132,FD0132,21.463509,73.447612,11.58,Black,Sugarcane,2026-06-08
F0133,FD0133,16.854123,76.68058,7.03,Silty,Rice,2026-05-31
F0134,FD0134,21.440188,74.943042,9.5,Black,Soybean,2026-01-26
F0135,FD0135,21.185541,74.162303,3.56,Red,Cotton,2026-02-10
F0136,FD0136,16.939191,76.915938,2.77,Silty,Maize,2026-06-26
F0137,FD0137,19.062867,74.830074,3.86,Red,Rice,2026-06-29
F0138,FD0138,20.65764,73.069438,3.88,Loamy,Soybean,2026-05-31
F0139,FD0139,19.467098,79.969348,6.66,Black,Wheat,2026-06-15
F0140,FD0140,16.393936,74.62506,2.56,Clay,Wheat,2026-03-20
F0141,FD0141,19.070264,79.093922,13.86,Silty,Cotton,2026-04-30
F0142,FD0142,19.632068,78.097869,14.17,Black,Sugarcane,2026-05-07
F0143,FD0143,18.126553,77.284293,13.4,Red,Rice,2026-06-04
F0144,FD0144,17.002207,73.230615,14.45,Black,Sugarcane,2026-01-06
F0145,FD0145,21.497435,77.878253,4.41,Clay,Wheat,2026-05-01
F0146,FD0146,18.613783,76.037835,4.53,Black,Maize,2026-06-12
F0147,FD0147,20.38547,80.252442,7.32,Silty,Rice,2026-03-24
F0148,FD0148,19.520801,79.361865,5.28,Red,Maize,2026-03-15
F0149,FD0149,19.475501,75.703618,11.53,Clay,Maize,2026-01-23
F0150,FD0150,17.387103,75.08619,14.57,Silty,Sugarcane,2026-01-01
F0151,FD0151,19.445962,76.840749,6.49,Sandy,Sugarcane,2026-04-03
F0152,FD0152,19.235803,76.487945,6.91,Clay,Wheat,2026-03-10
F0153,FD0153,18.795318,79.921382,6.85,Red,Maize,2026-02-01
F0154,FD0154,15.673217,77.540178,12.09,Red,Wheat,2026-03-21
F0155,FD0155,18.805034,76.918011,1.85,Clay,Maize,2026-01-31
F0156,FD0156,19.386258,73.731769,14.02,Loamy,Sugarcane,2026-06-30
F0157,FD0157,17.140549,79.177792,14.71,Sandy,Maize,2026-05-22
F0158,FD0158,16.367852,74.024883,9.19,Red,Wheat,2026-01-18
F0159,FD0159,17.157484,78.820049,6.52,Black,Rice,2026-01-01
F0160,FD0160,17.197034,74.888447,9.01,Red,Maize,2026-02-08
F0161,FD0161,18.179284,76.374731,5.32,Black,Maize,2026-04-27
F0162,FD0162,21.097114,79.456813,14.72,Sandy,Sugarcane,2026-04-09
F0163,FD0163,16.901375,78.704356,1.13,Red,Maize,2026-06-30
F0164,FD0164,20.980581,75.549849,14.83,Red,Wheat,2026-05-07
F0165,FD0165,21.288947,73.50997,14.5,Loamy,Cotton,2026-04-23
F0166,FD0166,16.09827,79.783533,0.72,Sandy,Maize,2026-06-17
F0167,FD0167,21.319741,73.098626,11.83,Loamy,Rice,2026-06-09
F0168,FD0168,19.656228,77.698693,12.85,Red,Sugarcane,2026-04-08
F0169,FD0169,21.224838,77.514393,13.37,Silty,Sugarcane,2026-01-10
F0170,FD0170,19.204757,74.378162,10.42,Loamy,Wheat,2026-01-24
F0171,FD0171,18.103829,73.287545,9.69,Clay,Maize,2026-02-12
F0172,FD0172,19.664007,79.727392,1.17,Clay,Rice,2026-04-02
F0173,FD0173,17.749047,73.664558,8.2,Black,Soybean,2026-02-16
F0174,FD0174,16.519902,73.131747,13.13,Black,Soybean,2026-03-03
F0175,FD0175,18.486004,77.165257,3.87,Red,Rice,2026-04-28
F0176,FD0176,17.03196,72.575179,12.17,Loamy,Soybean,2026-05-20
F0177,FD0177,16.447854,76.033838,5.51,Black,Rice,2026-06-13
F0178,FD0178,21.272174,78.022508,7.12,Loamy,Wheat,2026-04-09
F0179,FD0179,20.620013,73.353226,6.03,Loamy,Sugarcane,2026-03-17
F0180,FD0180,21.456152,74.861846,14.68,Red,Maize,2026-03-12
F0181,FD0181,15.548588,79.420539,11.79,Clay,Sugarcane,2026-05-08
F0182,FD0182,20.497033,79.723479,11.75,Sandy,Sugarcane,2026-04-01
F0183,FD0183,16.814027,74.021056,4.13,Red,Soybean,2026-06-24
F0184,FD0184,20.530023,77.525985,13.6,Red,Cotton,2026-03-21
F0185,FD0185,20.231663,72.766916,5.79,Sandy,Cotton,2026-03-17
F0186,FD0186,17.460315,75.824025,3.41,Black,Rice,2026-05-16
F0187,FD0187,18.510769,74.680219,2.89,Silty,Rice,2026-03-28
F0188,FD0188,20.325395,76.246651,1.59,Sandy,Soybean,2026-06-22
F0189,FD0189,21.379653,80.238158,12.17,Loamy,Cotton,2026-04-12
F0190,FD0190,15.583512,76.792578,7.09,Red,Soybean,2026-06-22
F0191,FD0191,17.072968,75.548204,9.76,Loamy,Cotton,2026-06-22
F0192,FD0192,16.902931,72.700197,13.32,Black,Rice,2026-06-06
F0193,FD0193,16.828203,73.005736,12.45,Red,Rice,2026-06-16
F0194,FD0194,17.949775,73.618216,14.22,Loamy,Maize,2026-01-30
F0195,FD0195,16.083152,79.598074,2.47,Silty,Rice,2026-06-21
F0196,FD0196,21.196285,78.071872,8.33,Black,Soybean,2026-02-09
F0197,FD0197,20.812483,77.739375,12.59,Black,Maize,2026-03-13
F0198,FD0198,15.696298,75.46424,6.93,Sandy,Rice,2026-01-26
F0199,FD0199,21.385566,75.43868,13.57,Red,Rice,2026-01-16
F0200,FD0200,17.888838,74.018468,2.27,Silty,Cotton,2026-06-19
F0201,FD0201,16.772635,77.615943,14.58,Clay,Rice,2026-03-04
F0202,FD0202,21.432925,78.795825,3.48,Black,Wheat,2026-05-31
F0203,FD0203,16.795708,79.457563,5.26,Sandy,Sugarcane,2026-01-01
F0204,FD0204,17.163649,80.372225,14.82,Black,Rice,2026-02-14
F0205,FD0205,16.159558,79.431583,2.41,Loamy,Wheat,2026-05-31
F0206,FD0206,17.442629,73.89397,1.26,Red,Maize,2026-05-15
F0207,FD0207,16.181896,73.008464,7.0,Loamy,Sugarcane,2026-06-01
F0208,FD0208,16.154324,76.53071,14.21,Clay,Soybean,2026-06-18
F0209,FD0209,18.628707,76.16434,14.48,Clay,Maize,2026-04-13
F0210,FD0210,18.057642,73.363695,10.83,Silty,Cotton,2026-01-21
F0211,FD0211,17.432671,73.686671,2.33,Black,Soybean,2026-05-30
F0212,FD0212,18.790139,75.101484,14.92,Black,Rice,2026-04-27
F0213,FD0213,18.533306,75.941595,12.0,Clay,Soybean,2026-06-16
F0214,FD0214,20.766237,76.910682,13.05,Silty,Maize,2026-02-28
F0215,FD0215,17.982881,79.119354,6.28,Red,Cotton,2026-03-22
F0216,FD0216,18.060584,77.820863,5.93,Sandy,Soybean,2026-05-02
F0217,FD0217,15.9028,79.154175,1.85,Clay,Soybean,2026-04-06
F0218,FD0218,20.370616,76.950966,9.0,Black,Sugarcane,2026-03-26
F0219,FD0219,19.52008,75.786469,13.17,Silty,Soybean,2026-01-14
F0220,FD0220,21.310392,77.303281,5.6,Black,Sugarcane,2026-02-24
F0221,FD0221,16.428381,76.357515,12.79,Loamy,Sugarcane,2026-04-05
F0222,FD0222,16.189312,74.728546,3.78,Silty,Sugarcane,2026-06-09
F0223,FD0223,19.18144,77.641593,0.88,Red,Soybean,2026-03-10
F0224,FD0224,15.673719,74.686163,11.55,Loamy,Rice,2026-01-02
F0225,FD0225,16.588433,73.646012,10.03,Clay,Wheat,2026-06-12
F0226,FD0226,21.330862,73.234061,8.19,Silty,Maize,2026-04-27
F0227,FD0227,17.545376,75.460425,10.96,Black,Sugarcane,2026-01-22
F0228,FD0228,20.800053,73.744639,11.44,Clay,Soybean,2026-01-21
F0229,FD0229,17.132617,77.79551,7.54,Silty,Maize,2026-03-11
F0230,FD0230,16.793414,76.59877,5.51,Clay,Rice,2026-06-23
F0231,FD0231,19.570918,76.393062,10.17,Clay,Wheat,2026-04-12
F0232,FD0232,21.406674,72.938256,3.46,Sandy,Wheat,2026-03-07
F0233,FD0233,17.236683,73.459875,7.71,Silty,Wheat,2026-02-03
F0234,FD0234,17.781245,78.12937,7.75,Red,Rice,2026-01-19
F0235,FD0235,17.882427,78.436331,6.83,Silty,Cotton,2026-03-22
F0236,FD0236,18.954555,77.087197,10.79,Silty,Rice,2026-01-30
F0237,FD0237,17.930194,80.229598,2.99,Black,Maize,2026-06-26
F0238,FD0238,21.018619,73.205039,12.75,Sandy,Maize,2026-05-31
F0239,FD0239,17.902699,73.129177,13.12,Red,Rice,2026-02-26
F0240,FD0240,17.498412,73.845062,7.9,Clay,Sugarcane,2026-05-11
F0241,FD0241,16.663422,78.709826,5.59,Red,Wheat,2026-03-02
F0242,FD0242,16.116827,74.547746,3.02,Sandy,Soybean,2026-01-20
F0243,FD0243,16.562877,78.682785,7.66,Black,Sugarcane,2026-04-25
F0244,FD0244,19.586801,79.556385,9.82,Black,Rice,2026-06-10
F0245,FD0245,17.396833,76.018103,7.3,Red,Rice,2026-03-12
F0246,FD0246,19.048519,75.315538,1.58,Silty,Maize,2026-01-10
F0247,FD0247,15.84134,79.153573,1.61,Clay,Sugarcane,2026-06-02
F0248,FD0248,18.542407,76.201693,8.54,Red,Cotton,2026-04-26
F0249,FD0249,20.9543,77.073253,3.23,Black,Maize,2026-05-09
F0250,FD0250,16.405166,72.99499,2.0,Loamy,Soybean,2026-01-22
F0251,FD0251,18.527294,73.880471,4.09,Silty,Maize,2026-05-15
F0252,FD0252,18.636488,73.76997,5.91,Loamy,Maize,2026-04-15
F0253,FD0253,20.146789,77.931182,1.26,Red,Soybean,2026-03-27
F0254,FD0254,15.895471,73.256048,10.34,Loamy,Rice,2026-06-18
F0255,FD0255,21.28646,77.321607,2.68,Clay,Sugarcane,2026-06-19
F0256,FD0256,16.34857,75.298566,14.53,Red,Soybean,2026-04-11
F0257,FD0257,16.27371,78.170672,1.73,Black,Maize,2026-06-14
F0258,FD0258,20.249972,79.005478,10.22,Red,Soybean,2026-05-15
F0259,FD0259,16.060718,77.863648,7.87,Clay,Rice,2026-03-21
F0260,FD0260,16.581578,74.213541,14.24,Silty,Wheat,2026-02-27
F0261,FD0261,21.49986,73.739561,4.79,Clay,Sugarcane,2026-05-19
F0262,FD0262,20.510719,79.569457,1.05,Loamy,Sugarcane,2026-02-03
F0263,FD0263,19.083479,73.734022,3.12,Red,Sugarcane,2026-02-12
F0264,FD0264,19.827098,72.849539,5.78,Red,Wheat,2026-04-24
F0265,FD0265,19.163573,78.519129,11.87,Sandy,Sugarcane,2026-03-03
F0266,FD0266,17.356807,78.968991,7.3,Sandy,Rice,2026-06-23
F0267,FD0267,21.182781,80.375518,7.19,Loamy,Maize,2026-05-09
F0268,FD0268,18.664759,80.230145,12.34,Black,Wheat,2026-03-06
F0269,FD0269,15.813079,76.344725,5.88,Clay,Soybean,2026-05-13
F0270,FD0270,20.606996,74.780504,11.57,Loamy,Maize,2026-05-12
F0271,FD0271,16.384092,75.99978,14.22,Sandy,Maize,2026-03-31
F0272,FD0272,21.082832,75.819175,6.25,Loamy,Wheat,2026-04-09
F0273,FD0273,21.467152,75.499301,0.91,Clay,Soybean,2026-06-16
F0274,FD0274,17.511742,73.668394,1.06,Silty,Soybean,2026-02-05
F0275,FD0275,20.053047,76.252881,9.42,Clay,Cotton,2026-03-07
F0276,FD0276,16.793928,73.696157,14.13,Black,Sugarcane,2026-04-19
F0277,FD0277,16.167121,74.804813,4.87,Clay,Wheat,2026-04-18
F0278,FD0278,19.33371,77.482485,1.41,Silty,Sugarcane,2026-05-18
F0279,FD0279,15.598612,76.623006,4.01,Sandy,Rice,2026-04-20
F0280,FD0280,15.509386,75.322528,8.77,Sandy,Soybean,2026-06-21
F0281,FD0281,16.013684,80.297236,1.48,Black,Sugarcane,2026-05-10
F0282,FD0282,20.218474,76.560981,0.79,Silty,Cotton,2026-06-12
F0283,FD0283,17.821288,75.486419,11.34,Loamy,Cotton,2026-03-30
F0284,FD0284,16.946756,77.756835,2.0,Black,Soybean,2026-03-27
F0285,FD0285,16.300458,75.318392,5.41,Red,Wheat,2026-06-25
F0286,FD0286,18.287737,78.063114,9.66,Sandy,Cotton,2026-04-28
F0287,FD0287,15.721903,74.112728,11.97,Clay,Rice,2026-03-21
F0288,FD0288,18.592302,80.412982,8.37,Loamy,Cotton,2026-06-15
F0289,FD0289,16.646621,75.355793,11.82,Red,Rice,2026-03-11
F0290,FD0290,16.24685,75.444153,13.4,Red,Maize,2026-04-09
F0291,FD0291,17.53422,73.994538,10.53,Loamy,Sugarcane,2026-03-10
F0292,FD0292,20.306889,78.316651,1.64,Black,Wheat,2026-05-20
F0293,FD0293,17.262599,73.320783,5.25,Loamy,Rice,2026-04-25
F0294,FD0294,19.11573,75.908929,10.5,Loamy,Maize,2026-01-11
F0295,FD0295,19.860886,79.792858,9.42,Silty,Rice,2026-06-13
F0296,FD0296,21.380164,80.083235,1.59,Red,Maize,2026-04-04
F0297,FD0297,18.578516,78.499184,2.82,Clay,Wheat,2026-06-05
F0298,FD0298,19.568533,76.005383,2.33,Sandy,Soybean,2026-04-04
F0299,FD0299,17.672903,80.095737,0.97,Sandy,Soybean,2026-04-26
F0300,FD0300,21.192941,75.476107,11.56,Black,Wheat,2026-05-16
F0301,FD0301,17.7017,75.015084,4.54,Clay,Cotton,2026-02-17
F0302,FD0302,18.494264,75.595899,8.64,Loamy,Rice,2026-06-30
F0303,FD0303,18.177639,80.470921,4.64,Silty,Wheat,2026-02-01
F0304,FD0304,16.314371,73.092416,3.0,Red,Maize,2026-01-23
F0305,FD0305,20.363079,80.24049,14.81,Red,Rice,2026-01-17
F0306,FD0306,18.799983,74.822898,4.85,Sandy,Soybean,2026-06-29
F0307,FD0307,19.3262,78.849571,7.88,Clay,Wheat,2026-02-05
F0308,FD0308,16.920417,76.452175,5.73,Black,Rice,2026-04-30
F0309,FD0309,20.32197,76.913175,9.37,Clay,Cotton,2026-03-21
F0310,FD0310,17.88896,78.235469,7.44,Silty,Maize,2026-05-28
F0311,FD0311,15.942504,80.279038,9.81,Silty,Maize,2026-06-24
F0312,FD0312,18.60416,73.526677,12.52,Black,Soybean,2026-05-31
F0313,FD0313,16.591779,80.230117,6.77,Clay,Cotton,2026-05-13
F0314,FD0314,16.418093,73.817257,5.18,Red,Wheat,2026-03-30
F0315,FD0315,21.184899,76.651182,4.62,Clay,Rice,2026-02-20
F0316,FD0316,19.310343,76.906731,2.31,Loamy,Sugarcane,2026-05-17
F0317,FD0317,16.06057,77.627899,9.08,Black,Wheat,2026-02-13
F0318,FD0318,19.452397,78.265062,9.27,Black,Cotton,2026-01-08
F0319,FD0319,15.987337,80.088375,11.68,Loamy,Soybean,2026-02-23
F0320,FD0320,20.101754,75.832694,9.77,Silty,Soybean,2026-05-20
F0321,FD0321,17.23803,80.153201,7.5,Red,Maize,2026-03-18
F0322,FD0322,18.221265,78.008909,2.79,Silty,Maize,2026-04-29
F0323,FD0323,16.724138,77.353282,5.03,Red,Rice,2026-03-30
F0324,FD0324,21.352245,73.546129,5.87,Black,Cotton,2026-03-23
F0325,FD0325,16.950427,73.480175,7.02,Sandy,Cotton,2026-01-13
F0326,FD0326,17.241272,75.573199,9.42,Sandy,Wheat,2026-03-25
F0327,FD0327,21.102509,78.269027,3.25,Sandy,Maize,2026-05-12
F0328,FD0328,18.300891,79.532605,7.71,Clay,Maize,2026-05-10
F0329,FD0329,18.243384,74.425829,8.96,Clay,Cotton,2026-03-14
F0330,FD0330,18.469365,79.558716,9.99,Silty,Rice,2026-05-18
F0331,FD0331,15.549064,73.359977,2.44,Loamy,Soybean,2026-04-04
F0332,FD0332,20.083141,75.427499,6.31,Black,Sugarcane,2026-02-19
F0333,FD0333,17.675143,74.808814,6.1,Silty,Sugarcane,2026-03-13
F0334,FD0334,20.451868,77.485933,9.36,Sandy,Cotton,2026-04-11
F0335,FD0335,17.73919,80.394301,8.59,Loamy,Wheat,2026-02-20
F0336,FD0336,19.114778,75.711097,1.08,Clay,Wheat,2026-03-27
F0337,FD0337,20.323795,76.654662,2.66,Black,Wheat,2026-03-25
F0338,FD0338,21.088212,75.04824,6.2,Black,Soybean,2026-03-18
F0339,FD0339,19.062348,76.55852,7.89,Silty,Soybean,2026-05-25
F0340,FD0340,17.298743,79.025991,5.84,Red,Cotton,2026-04-17
F0341,FD0341,19.002213,78.874039,11.02,Red,Soybean,2026-01-07
F0342,FD0342,19.081458,74.624243,10.01,Black,Sugarcane,2026-02-28
F0343,FD0343,19.828401,77.168186,2.97,Red,Soybean,2026-06-08
F0344,FD0344,20.147637,75.541523,12.41,Sandy,Cotton,2026-05-27
F0345,FD0345,21.189231,73.379164,0.77,Loamy,Maize,2026-02-08
F0346,FD0346,17.977761,74.131133,7.78,Black,Maize,2026-01-16
F0347,FD0347,19.734651,76.649466,8.63,Red,Maize,2026-05-15
F0348,FD0348,17.760949,80.153484,7.17,Black,Rice,2026-05-20
F0349,FD0349,17.625722,78.675918,10.95,Red,Soybean,2026-03-09
F0350,FD0350,19.160459,74.038113,4.07,Black,Rice,2026-02-27
F0351,FD0351,21.148913,80.358082,11.68,Red,Wheat,2026-06-26
F0352,FD0352,19.72993,75.036326,5.56,Red,Rice,2026-03-15
F0353,FD0353,16.231245,77.912978,6.01,Silty,Rice,2026-02-07
F0354,FD0354,17.242716,74.801043,10.86,Loamy,Maize,2026-06-17
F0355,FD0355,17.038664,76.332634,3.43,Black,Rice,2026-05-24
F0356,FD0356,19.677028,73.598184,9.43,Black,Wheat,2026-03-04
F0357,FD0357,15.804593,79.741474,3.77,Sandy,Cotton,2026-01-26
F0358,FD0358,17.979808,78.238864,1.96,Sandy,Cotton,2026-05-21
F0359,FD0359,21.367464,73.763529,9.97,Silty,Maize,2026-06-16
F0360,FD0360,16.696736,80.211312,5.16,Red,Cotton,2026-01-23
F0361,FD0361,19.413792,74.357762,11.21,Clay,Wheat,2026-04-17
F0362,FD0362,20.79347,73.90631,13.83,Silty,Maize,2026-02-17
F0363,FD0363,21.119652,80.197051,13.93,Clay,Cotton,2026-03-18
F0364,FD0364,18.907771,73.358406,14.75,Loamy,Maize,2026-06-14
F0365,FD0365,18.759803,76.451299,14.11,Black,Maize,2026-03-11
F0366,FD0366,16.656868,73.401174,2.86,Silty,Soybean,2026-03-07
F0367,FD0367,19.811589,72.612674,5.39,Loamy,Sugarcane,2026-06-22
F0368,FD0368,20.043697,73.903959,12.91,Silty,Maize,2026-05-12
F0369,FD0369,17.46756,75.706666,1.88,Sandy,Maize,2026-03-24
F0370,FD0370,21.114952,72.554641,6.06,Silty,Rice,2026-03-26
F0371,FD0371,17.311675,78.28306,0.67,Red,Rice,2026-06-27
F0372,FD0372,16.917815,77.842289,7.25,Sandy,Maize,2026-06-25
F0373,FD0373,18.515123,79.660947,10.7,Loamy,Soybean,2026-01-31
F0374,FD0374,19.332268,80.025085,5.83,Sandy,Wheat,2026-02-04
F0375,FD0375,18.369091,76.139829,14.84,Loamy,Maize,2026-06-29
F0376,FD0376,18.795407,76.266625,8.29,Red,Wheat,2026-03-05
F0377,FD0377,19.582052,77.266516,11.92,Black,Maize,2026-05-16
F0378,FD0378,19.722597,73.124822,8.68,Clay,Sugarcane,2026-05-10
F0379,FD0379,16.712941,76.793281,2.89,Black,Maize,2026-01-30
F0380,FD0380,19.581771,78.235344,7.59,Black,Maize,2026-01-15
F0381,FD0381,18.220594,76.605983,7.12,Clay,Sugarcane,2026-04-29
F0382,FD0382,19.536606,74.965357,0.82,Loamy,Cotton,2026-02-25
F0383,FD0383,18.969868,72.862318,5.5,Clay,Sugarcane,2026-01-16
F0384,FD0384,21.107497,73.052153,14.04,Clay,Rice,2026-04-15
F0385,FD0385,16.579888,73.583431,9.8,Red,Soybean,2026-04-18
F0386,FD0386,17.746766,79.630669,7.0,Silty,Maize,2026-01-21
F0387,FD0387,19.596382,77.79434,8.32,Red,Rice,2026-01-31
F0388,FD0388,16.570842,76.798068,8.17,Red,Wheat,2026-01-01
F0389,FD0389,20.037076,80.327925,7.21,Red,Sugarcane,2026-04-19
F0390,FD0390,18.691602,79.086883,4.09,Loamy,Wheat,2026-03-12
F0391,FD0391,16.630883,79.501665,11.6,Clay,Soybean,2026-04-18
F0392,FD0392,19.189539,79.989903,13.39,Sandy,Wheat,2026-01-18
F0393,FD0393,16.10538,72.76861,9.17,Red,Cotton,2026-03-04
F0394,FD0394,19.943246,75.718123,3.9,Sandy,Cotton,2026-02-05
F0395,FD0395,18.523375,74.814108,12.33,Red,Sugarcane,2026-03-23
F0396,FD0396,18.964849,78.680306,12.37,Sandy,Rice,2026-02-06
F0397,FD0397,21.414173,76.670008,6.5,Loamy,Cotton,2026-05-23
F0398,FD0398,21.191122,79.537711,13.72,Red,Soybean,2026-04-20
F0399,FD0399,18.835104,72.875073,5.49,Red,Soybean,2026-04-08
F0400,FD0400,20.214828,75.049876,6.54,Sandy,Rice,2026-04-07
F0401,FD0401,16.603274,76.803426,3.99,Sandy,Rice,2026-02-06
F0402,FD0402,20.334657,79.817929,8.65,Silty,Sugarcane,2026-05-16
F0403,FD0403,16.304557,74.442868,3.45,Red,Cotton,2026-04-26
F0404,FD0404,20.5828,73.239712,11.01,Sandy,Cotton,2026-03-10
F0405,FD0405,17.763008,77.339756,1.07,Clay,Wheat,2026-05-31
F0406,FD0406,19.845831,76.970804,7.45,Loamy,Rice,2026-01-04
F0407,FD0407,16.770847,74.02019,11.25,Red,Maize,2026-03-04
F0408,FD0408,19.673758,78.130149,6.25,Sandy,Sugarcane,2026-03-24
F0409,FD0409,20.153083,75.545294,8.24,Loamy,Rice,2026-03-08
F0410,FD0410,17.657868,79.562496,7.26,Red,Maize,2026-03-23
F0411,FD0411,20.985983,75.465639,6.5,Black,Wheat,2026-02-07
F0412,FD0412,15.597319,76.926493,8.97,Red,Maize,2026-03-17
F0413,FD0413,16.414468,75.138922,6.01,Sandy,Maize,2026-05-21
F0414,FD0414,19.427648,77.978773,4.23,Silty,Soybean,2026-06-14
F0415,FD0415,19.937565,76.186632,11.13,Loamy,Wheat,2026-02-05
F0416,FD0416,19.821881,76.406531,13.8,Black,Soybean,2026-01-16
F0417,FD0417,18.643666,79.212548,1.58,Red,Cotton,2026-01-02
F0418,FD0418,17.974353,79.240358,3.86,Red,Wheat,2026-01-03
F0419,FD0419,16.812318,76.148077,1.38,Red,Soybean,2026-06-07
F0420,FD0420,20.976509,77.774275,0.73,Black,Sugarcane,2026-04-16
F0421,FD0421,15.571106,76.735341,4.48,Loamy,Cotton,2026-05-09
F0422,FD0422,20.378943,77.892264,12.19,Sandy,Cotton,2026-01-25
F0423,FD0423,18.646312,74.427751,9.49,Loamy,Rice,2026-03-10
F0424,FD0424,20.269618,73.132154,14.41,Silty,Sugarcane,2026-03-04
F0425,FD0425,21.441398,74.306858,10.42,Clay,Soybean,2026-06-16
F0426,FD0426,20.057515,73.248004,6.0,Black,Maize,2026-01-15
F0427,FD0427,19.320488,78.122761,1.7,Silty,Soybean,2026-03-26
F0428,FD0428,18.89514,79.363683,1.88,Black,Cotton,2026-02-28
F0429,FD0429,16.768502,79.444935,13.37,Silty,Rice,2026-01-12
F0430,FD0430,21.044956,77.97543,4.57,Black,Sugarcane,2026-06-18
F0431,FD0431,15.697411,79.930131,5.06,Sandy,Sugarcane,2026-02-06
F0432,FD0432,20.013527,78.201691,6.28,Clay,Rice,2026-02-11
F0433,FD0433,18.883749,77.033567,12.82,Red,Sugarcane,2026-03-26
F0434,FD0434,17.803077,78.417961,11.96,Red,Soybean,2026-01-21
F0435,FD0435,18.504757,80.294587,1.28,Silty,Wheat,2026-01-20
F0436,FD0436,17.543556,78.652045,14.35,Silty,Rice,2026-01-08
F0437,FD0437,19.304738,78.768385,7.03,Sandy,Rice,2026-05-22
F0438,FD0438,21.146857,75.954784,10.36,Red,Maize,2026-01-22
F0439,FD0439,20.133004,74.863036,4.07,Clay,Cotton,2026-03-10
F0440,FD0440,16.425326,78.193417,9.69,Red,Maize,2026-03-23
F0441,FD0441,17.664201,73.232163,14.17,Silty,Rice,2026-03-11
F0442,FD0442,16.113388,73.198378,6.75,Black,Sugarcane,2026-05-12
F0443,FD0443,17.948265,72.710095,5.63,Clay,Sugarcane,2026-06-03
F0444,FD0444,20.206632,79.409745,0.68,Silty,Maize,2026-01-22
F0445,FD0445,19.849063,76.976292,14.89,Sandy,Sugarcane,2026-05-14
F0446,FD0446,16.517498,75.545856,2.51,Loamy,Rice,2026-05-07
F0447,FD0447,16.375609,73.837659,4.5,Loamy,Maize,2026-01-20
F0448,FD0448,17.666749,80.053778,10.95,Silty,Sugarcane,2026-06-07
F0449,FD0449,16.673289,73.355779,4.92,Silty,Rice,2026-06-08
F0450,FD0450,17.77934,79.397586,6.88,Silty,Soybean,2026-06-02
F0451,FD0451,16.316747,75.065321,14.24,Sandy,Maize,2026-03-22
F0452,FD0452,16.565824,75.685917,5.13,Red,Soybean,2026-06-12
F0453,FD0453,18.446044,77.107034,4.02,Silty,Rice,2026-04-11
F0454,FD0454,17.690093,79.956537,3.4,Black,Wheat,2026-06-24
F0455,FD0455,20.105707,72.715329,11.04,Red,Wheat,2026-04-23
F0456,FD0456,20.286113,79.150254,1.5,Silty,Soybean,2026-05-08
F0457,FD0457,16.335075,74.922661,4.16,Sandy,Soybean,2026-04-19
F0458,FD0458,20.234461,73.091721,14.87,Silty,Sugarcane,2026-04-13
F0459,FD0459,18.706204,79.887966,13.11,Silty,Sugarcane,2026-01-10
F0460,FD0460,20.244326,75.376236,13.48,Black,Sugarcane,2026-06-13
F0461,FD0461,20.986407,73.374955,4.1,Red,Rice,2026-02-12
F0462,FD0462,19.381999,72.854374,14.76,Red,Soybean,2026-04-13
F0463,FD0463,21.300867,75.152774,12.05,Clay,Cotton,2026-01-26
F0464,FD0464,17.05243,76.58541,8.02,Black,Soybean,2026-05-28
F0465,FD0465,16.82619,75.492957,7.21,Red,Sugarcane,2026-06-26
F0466,FD0466,18.502795,75.259739,0.86,Clay,Rice,2026-04-17
F0467,FD0467,21.023285,73.186838,12.55,Red,Wheat,2026-03-31
F0468,FD0468,17.371342,76.142661,3.5,Silty,Rice,2026-05-02
F0469,FD0469,16.085738,78.275952,7.06,Clay,Rice,2026-01-12
F0470,FD0470,20.361116,73.420682,12.81,Red,Cotton,2026-06-23
F0471,FD0471,20.300301,79.93938,11.24,Black,Wheat,2026-05-22
F0472,FD0472,16.460814,76.978792,14.4,Sandy,Maize,2026-06-11
F0473,FD0473,16.606711,77.623831,6.77,Clay,Soybean,2026-06-07
F0474,FD0474,20.798584,76.0966,6.73,Clay,Soybean,2026-02-24
F0475,FD0475,16.734707,78.518604,12.23,Clay,Sugarcane,2026-01-27
F0476,FD0476,20.297014,76.795112,5.8,Sandy,Maize,2026-01-30
F0477,FD0477,17.07412,79.401092,8.15,Red,Rice,2026-06-02
F0478,FD0478,17.831836,75.640352,2.16,Loamy,Maize,2026-06-08
F0479,FD0479,16.535165,77.888711,12.11,Black,Sugarcane,2026-01-22
F0480,FD0480,19.53266,75.005486,3.96,Clay,Wheat,2026-04-06
F0481,FD0481,19.660619,76.586599,6.56,Sandy,Sugarcane,2026-04-09
F0482,FD0482,18.038233,76.393362,8.29,Red,Wheat,2026-05-23
F0483,FD0483,16.501193,74.810678,3.21,Silty,Sugarcane,2026-01-14
F0484,FD0484,20.693133,80.114736,7.53,Sandy,Maize,2026-05-24
F0485,FD0485,18.532628,76.459759,10.43,Silty,Soybean,2026-04-24
F0486,FD0486,18.432197,73.161365,0.95,Sandy,Rice,2026-01-09
F0487,FD0487,17.149118,76.800869,2.94,Silty,Sugarcane,2026-05-07
F0488,FD0488,18.798357,73.405688,2.16,Black,Rice,2026-05-19
F0489,FD0489,20.435666,72.832884,10.93,Black,Wheat,2026-04-19
F0490,FD0490,16.114499,79.140566,11.39,Loamy,Cotton,2026-04-26
F0491,FD0491,17.076891,79.397597,1.76,Clay,Wheat,2026-02-23
F0492,FD0492,20.364216,77.203391,5.58,Red,Sugarcane,2026-06-11
F0493,FD0493,18.069002,77.42921,11.88,Sandy,Cotton,2026-05-26
F0494,FD0494,17.604893,74.74868,8.31,Loamy,Soybean,2026-03-16
F0495,FD0495,17.235999,74.638745,12.94,Red,Cotton,2026-02-04
F0496,FD0496,21.276632,78.785528,13.82,Loamy,Soybean,2026-02-02
F0497,FD0497,19.708559,73.561527,2.62,Loamy,Wheat,2026-06-23
F0498,FD0498,17.856205,73.637373,9.67,Red,Maize,2026-04-07
F0499,FD0499,18.21195,77.569022,13.26,Clay,Maize,2026-05-12
F0500,FD0500,19.998814,78.057629,13.22,Silty,Maize,2026-03-25
F0501,FD0501,18.991733,79.451262,12.78,Clay,Soybean,2026-04-28
F0502,FD0502,19.309043,78.078312,12.83,Black,Maize,2026-02-25
F0503,FD0503,21.308771,79.098781,7.67,Loamy,Rice,2026-03-28
F0504,FD0504,18.783863,73.544754,12.86,Loamy,Soybean,2026-01-13
F0505,FD0505,15.775658,77.509436,12.63,Clay,Cotton,2026-02-10
F0506,FD0506,18.147716,72.505407,14.39,Sandy,Soybean,2026-02-03
F0507,FD0507,20.792887,74.914924,13.18,Loamy,Cotton,2026-06-17
F0508,FD0508,17.662612,73.159364,10.14,Red,Wheat,2026-01-14
F0509,FD0509,17.878049,74.944074,10.64,Sandy,Maize,2026-06-17
F0510,FD0510,16.047195,73.261469,3.59,Clay,Wheat,2026-06-01
F0511,FD0511,16.857145,77.939862,0.63,Red,Rice,2026-01-31
F0512,FD0512,21.428929,75.878511,2.42,Clay,Wheat,2026-04-09
F0513,FD0513,16.035986,78.947655,2.0,Loamy,Rice,2026-02-05
F0514,FD0514,17.796326,79.006943,13.18,Red,Soybean,2026-02-06
F0515,FD0515,15.91047,77.00633,9.35,Sandy,Maize,2026-03-31
F0516,FD0516,19.834592,77.52464,2.69,Silty,Sugarcane,2026-06-25
F0517,FD0517,18.154303,74.237957,13.5,Sandy,Cotton,2026-05-31
F0518,FD0518,19.880055,75.312285,6.73,Sandy,Wheat,2026-03-12
F0519,FD0519,19.367723,74.485336,9.21,Red,Sugarcane,2026-03-14
F0520,FD0520,20.173818,78.023809,12.79,Red,Rice,2026-02-22
F0521,FD0521,18.606495,76.576181,11.34,Loamy,Soybean,2026-01-14
F0522,FD0522,20.20281,78.850224,3.97,Silty,Cotton,2026-03-03
F0523,FD0523,18.497495,77.251438,8.16,Clay,Rice,2026-03-23
F0524,FD0524,16.291897,79.386512,8.74,Loamy,Sugarcane,2026-06-24
F0525,FD0525,16.536622,76.268117,14.82,Clay,Cotton,2026-05-31
F0526,FD0526,15.905195,74.597482,1.08,Clay,Maize,2026-05-10
F0527,FD0527,17.218927,78.201033,11.62,Silty,Soybean,2026-04-13
F0528,FD0528,15.994567,76.792519,9.43,Loamy,Cotton,2026-03-21
F0529,FD0529,15.974129,79.867399,14.63,Sandy,Sugarcane,2026-03-25
F0530,FD0530,17.844389,77.574354,12.6,Red,Soybean,2026-01-17
F0531,FD0531,17.361017,75.999888,14.32,Sandy,Cotton,2026-03-04
F0532,FD0532,16.017277,75.975869,7.07,Black,Cotton,2026-03-21
F0533,FD0533,19.496477,77.764419,3.05,Clay,Soybean,2026-02-05
F0534,FD0534,19.708998,73.810661,14.32,Black,Sugarcane,2026-03-08
F0535,FD0535,16.501778,73.515445,11.83,Loamy,Soybean,2026-01-31
F0536,FD0536,20.128582,72.73485,12.2,Loamy,Sugarcane,2026-01-17
F0537,FD0537,17.077698,80.300405,9.6,Silty,Maize,2026-05-11
F0538,FD0538,17.660743,76.49688,8.72,Loamy,Wheat,2026-03-07
F0539,FD0539,20.139974,79.654147,10.27,Clay,Wheat,2026-05-11
F0540,FD0540,15.515411,79.369512,0.68,Clay,Maize,2026-04-04
F0541,FD0541,17.797877,73.700677,14.0,Clay,Sugarcane,2026-06-17
F0542,FD0542,18.016216,75.074416,6.54,Red,Rice,2026-03-11
F0543,FD0543,20.455982,77.072288,2.23,Red,Cotton,2026-02-15
F0544,FD0544,16.83911,76.626193,1.17,Silty,Cotton,2026-04-30
F0545,FD0545,20.696193,78.68822,5.01,Clay,Sugarcane,2026-04-27
F0546,FD0546,15.547815,74.105369,8.68,Loamy,Soybean,2026-06-09
F0547,FD0547,16.955504,75.446189,14.59,Sandy,Soybean,2026-05-20
F0548,FD0548,20.062893,74.461015,0.59,Silty,Cotton,2026-03-01
F0549,FD0549,18.749271,77.587535,10.56,Clay,Rice,2026-01-01
F0550,FD0550,20.053575,75.510199,11.2,Loamy,Cotton,2026-02-22
F0551,FD0551,18.678887,74.405341,7.63,Clay,Wheat,2026-03-13
F0552,FD0552,16.05816,79.870195,13.51,Black,Maize,2026-06-29
F0553,FD0553,20.873468,76.167664,11.34,Black,Cotton,2026-05-10
F0554,FD0554,16.301083,79.059703,1.59,Black,Cotton,2026-04-22
F0555,FD0555,19.474664,73.545666,4.73,Loamy,Maize,2026-06-29
F0556,FD0556,20.491399,75.110013,7.06,Sandy,Cotton,2026-02-21
F0557,FD0557,16.316671,78.661173,2.08,Clay,Wheat,2026-04-26
F0558,FD0558,18.296331,75.7521,8.27,Sandy,Maize,2026-03-20
F0559,FD0559,18.28008,79.319857,1.81,Red,Rice,2026-06-30
F0560,FD0560,19.681268,72.822638,12.62,Loamy,Wheat,2026-01-24
F0561,FD0561,19.766944,80.2472,6.25,Clay,Soybean,2026-03-18
F0562,FD0562,17.061001,80.425413,0.95,Silty,Maize,2026-05-23
F0563,FD0563,19.988471,74.498821,7.2,Sandy,Cotton,2026-01-04
F0564,FD0564,15.870015,78.74768,3.72,Sandy,Maize,2026-04-06
F0565,FD0565,19.617712,80.000599,1.72,Black,Rice,2026-01-20
F0566,FD0566,15.630801,73.015776,13.59,Silty,Wheat,2026-01-24
F0567,FD0567,20.930468,79.134849,5.31,Clay,Maize,2026-01-13
F0568,FD0568,16.507935,77.091074,12.41,Silty,Maize,2026-01-08
F0569,FD0569,17.796377,75.913312,5.63,Sandy,Rice,2026-03-13
F0570,FD0570,18.176069,73.689051,9.4,Black,Wheat,2026-06-15
F0571,FD0571,17.270631,75.795938,8.48,Clay,Cotton,2026-03-13
F0572,FD0572,17.798092,75.853879,9.82,Black,Wheat,2026-06-11
F0573,FD0573,21.464524,76.849253,0.78,Silty,Soybean,2026-04-02
F0574,FD0574,18.378107,78.751481,5.49,Black,Sugarcane,2026-03-24
F0575,FD0575,17.830288,73.938527,5.12,Sandy,Cotton,2026-03-13
F0576,FD0576,15.851547,80.432251,8.18,Black,Wheat,2026-02-10
F0577,FD0577,16.100806,77.754915,4.36,Red,Cotton,2026-02-26
F0578,FD0578,18.954153,80.361317,6.13,Sandy,Wheat,2026-03-02
F0579,FD0579,19.055117,78.949682,10.62,Black,Cotton,2026-06-30
F0580,FD0580,19.703365,80.08047,8.67,Black,Wheat,2026-05-07
F0581,FD0581,18.752748,73.904454,1.05,Clay,Wheat,2026-06-04
F0582,FD0582,16.812854,76.711588,0.51,Black,Wheat,2026-02-03
F0583,FD0583,17.544554,73.919679,12.14,Loamy,Cotton,2026-01-06
F0584,FD0584,16.386272,78.137571,2.55,Clay,Sugarcane,2026-04-04
F0585,FD0585,21.263353,75.488726,14.16,Silty,Sugarcane,2026-01-26
F0586,FD0586,17.519366,75.080826,14.65,Red,Maize,2026-06-13
F0587,FD0587,21.263973,77.693442,3.03,Black,Soybean,2026-06-07
F0588,FD0588,20.221951,74.285898,9.04,Sandy,Maize,2026-03-20
F0589,FD0589,19.90397,74.856138,3.08,Clay,Soybean,2026-05-27
F0590,FD0590,17.849609,80.454265,14.5,Clay,Wheat,2026-06-04
F0591,FD0591,17.409301,78.970455,9.37,Red,Sugarcane,2026-01-27
F0592,FD0592,21.120127,73.625147,11.31,Sandy,Rice,2026-03-23
F0593,FD0593,16.507325,79.582562,1.79,Red,Soybean,2026-06-13
F0594,FD0594,19.875716,75.185996,0.67,Sandy,Wheat,2026-06-27
F0595,FD0595,15.906769,74.553264,2.07,Clay,Cotton,2026-04-09
F0596,FD0596,18.129321,75.857226,2.91,Silty,Maize,2026-04-07
F0597,FD0597,17.607387,75.502781,12.52,Black,Soybean,2026-06-25
F0598,FD0598,16.853496,76.110299,12.09,Clay,Rice,2026-01-06
F0599,FD0599,17.412301,80.113297,1.58,Sandy,Maize,2026-02-11
F0600,FD0600,19.891911,76.87637,13.52,Clay,Rice,2026-06-02
F0601,FD0601,21.411657,79.645809,10.72,Silty,Soybean,2026-02-12
F0602,FD0602,19.143906,75.973603,1.28,Loamy,Wheat,2026-02-18
F0603,FD0603,17.955679,76.932899,13.92,Black,Rice,2026-06-19
F0604,FD0604,17.189138,74.400386,1.22,Black,Sugarcane,2026-05-06
F0605,FD0605,16.42154,75.386631,6.7,Loamy,Soybean,2026-06-10
F0606,FD0606,19.101293,74.097398,0.87,Sandy,Soybean,2026-03-16
F0607,FD0607,21.362346,76.288565,2.17,Silty,Maize,2026-05-06
F0608,FD0608,20.869265,74.620035,9.81,Silty,Wheat,2026-04-05
F0609,FD0609,20.812956,75.455213,6.96,Loamy,Maize,2026-04-30
F0610,FD0610,17.080405,79.19663,8.68,Sandy,Soybean,2026-06-20
F0611,FD0611,16.080216,77.845129,12.22,Silty,Sugarcane,2026-02-28
F0612,FD0612,18.821611,79.226377,12.37,Silty,Sugarcane,2026-06-25
F0613,FD0613,20.701364,76.298595,13.28,Silty,Rice,2026-01-21
F0614,FD0614,17.868826,79.331519,1.0,Black,Sugarcane,2026-05-27
F0615,FD0615,19.565209,77.462185,2.24,Silty,Wheat,2026-02-12
F0616,FD0616,21.332989,78.967686,2.33,Silty,Cotton,2026-06-24
F0617,FD0617,18.112359,80.478154,9.59,Black,Rice,2026-03-23
F0618,FD0618,20.964827,79.813391,1.47,Silty,Sugarcane,2026-04-12
F0619,FD0619,18.812325,79.352993,8.04,Clay,Soybean,2026-06-09
F0620,FD0620,19.025457,78.753485,2.13,Sandy,Wheat,2026-05-26
F0621,FD0621,19.027605,78.567019,14.12,Clay,Sugarcane,2026-01-26
F0622,FD0622,20.214474,79.439802,13.26,Silty,Rice,2026-04-09
F0623,FD0623,19.428726,77.076186,7.36,Sandy,Rice,2026-04-14
F0624,FD0624,16.363116,77.369242,10.56,Clay,Maize,2026-03-26
F0625,FD0625,19.643083,72.894328,7.39,Loamy,Rice,2026-01-06
F0626,FD0626,17.527196,78.849216,5.01,Silty,Soybean,2026-06-25
F0627,FD0627,16.089304,79.4512,2.45,Red,Maize,2026-03-24
F0628,FD0628,17.11652,75.834182,9.86,Sandy,Maize,2026-02-24
F0629,FD0629,20.980597,75.757363,7.52,Black,Rice,2026-01-15
F0630,FD0630,18.591618,73.77178,5.01,Black,Maize,2026-02-04
F0631,FD0631,20.183099,76.69429,8.75,Sandy,Wheat,2026-02-21
F0632,FD0632,20.52186,74.495922,7.12,Loamy,Soybean,2026-02-20
F0633,FD0633,17.143865,79.08805,7.82,Red,Cotton,2026-06-24
F0634,FD0634,15.683379,75.479734,9.11,Sandy,Maize,2026-05-31
F0635,FD0635,18.808002,75.253992,12.65,Loamy,Soybean,2026-06-26
F0636,FD0636,16.042352,72.719604,1.22,Black,Wheat,2026-02-26
F0637,FD0637,19.384279,77.921562,4.4,Silty,Sugarcane,2026-01-06
F0638,FD0638,20.68778,80.237107,10.39,Silty,Wheat,2026-06-15
F0639,FD0639,16.539204,78.906918,3.74,Black,Rice,2026-06-14
F0640,FD0640,17.152271,79.663864,12.85,Silty,Rice,2026-02-25
F0641,FD0641,18.300188,77.917569,12.45,Silty,Sugarcane,2026-01-27
F0642,FD0642,15.544085,80.495435,14.51,Loamy,Sugarcane,2026-06-15
F0643,FD0643,19.062635,74.761415,10.42,Silty,Cotton,2026-03-28
F0644,FD0644,21.430166,77.624758,12.99,Loamy,Soybean,2026-06-16
F0645,FD0645,17.292747,73.699434,11.6,Clay,Sugarcane,2026-04-14
F0646,FD0646,19.463182,77.946046,10.96,Red,Maize,2026-03-17
F0647,FD0647,17.056558,75.848525,6.13,Clay,Sugarcane,2026-05-27
F0648,FD0648,20.396088,75.245336,10.84,Red,Sugarcane,2026-06-13
F0649,FD0649,20.209382,79.752212,10.24,Black,Rice,2026-02-13
F0650,FD0650,20.543832,79.511958,3.13,Clay,Maize,2026-02-02
F0651,FD0651,19.945513,78.301493,8.61,Sandy,Soybean,2026-03-27
F0652,FD0652,19.426608,74.278028,3.74,Loamy,Maize,2026-03-26
F0653,FD0653,17.730095,77.184566,7.22,Clay,Maize,2026-01-14
F0654,FD0654,20.69836,77.168597,14.19,Clay,Maize,2026-02-19
F0655,FD0655,18.502864,79.439982,6.03,Loamy,Maize,2026-01-14
F0656,FD0656,20.725095,73.706228,14.89,Loamy,Maize,2026-05-26
F0657,FD0657,20.857071,80.393194,2.58,Red,Wheat,2026-01-21
F0658,FD0658,18.425485,77.548262,3.06,Red,Cotton,2026-01-02
F0659,FD0659,18.212319,74.175059,11.72,Black,Wheat,2026-05-06
F0660,FD0660,20.211265,78.73802,2.38,Silty,Soybean,2026-04-20
F0661,FD0661,17.920361,80.222623,6.06,Clay,Sugarcane,2026-02-21
F0662,FD0662,19.883954,80.100549,13.43,Black,Wheat,2026-01-05
F0663,FD0663,19.560489,77.513495,4.11,Red,Rice,2026-03-21
F0664,FD0664,16.273585,75.568404,9.04,Sandy,Cotton,2026-01-12
F0665,FD0665,17.289214,74.826622,11.05,Black,Sugarcane,2026-03-28
F0666,FD0666,18.101991,77.994241,2.44,Silty,Rice,2026-02-18
F0667,FD0667,16.489301,79.755154,12.27,Clay,Wheat,2026-02-27
F0668,FD0668,19.863013,73.549646,11.14,Black,Sugarcane,2026-02-13
F0669,FD0669,16.238972,78.188881,11.99,Silty,Soybean,2026-03-07
F0670,FD0670,20.127498,77.485078,9.11,Clay,Soybean,2026-01-28
F0671,FD0671,19.421406,72.657934,10.5,Silty,Maize,2026-04-08
F0672,FD0672,16.24157,74.521906,10.68,Sandy,Soybean,2026-06-25
F0673,FD0673,19.281868,74.908932,10.09,Red,Sugarcane,2026-03-11
F0674,FD0674,19.236787,78.105811,6.57,Clay,Sugarcane,2026-06-08
F0675,FD0675,16.206407,73.4121,2.04,Sandy,Sugarcane,2026-02-21
F0676,FD0676,20.167753,79.151991,14.61,Loamy,Soybean,2026-04-15
F0677,FD0677,17.272107,72.815246,7.7,Sandy,Soybean,2026-05-04
F0678,FD0678,17.483622,72.521904,10.24,Clay,Sugarcane,2026-06-21
F0679,FD0679,18.464624,80.095568,11.8,Clay,Soybean,2026-01-26
F0680,FD0680,20.928676,77.654694,7.12,Loamy,Rice,2026-04-29
F0681,FD0681,15.800481,79.005427,13.18,Loamy,Rice,2026-06-23
F0682,FD0682,17.376243,78.408322,1.88,Clay,Cotton,2026-02-05
F0683,FD0683,19.48013,73.864098,5.68,Silty,Sugarcane,2026-03-10
F0684,FD0684,20.770853,73.243611,12.32,Sandy,Cotton,2026-04-13
F0685,FD0685,17.901501,76.152309,12.62,Red,Maize,2026-04-18
F0686,FD0686,19.393079,78.875276,2.14,Red,Soybean,2026-01-16
F0687,FD0687,21.389415,79.254799,2.0,Black,Maize,2026-05-26
F0688,FD0688,19.570359,73.950084,6.01,Loamy,Sugarcane,2026-01-08
F0689,FD0689,20.675455,79.539602,11.05,Sandy,Maize,2026-05-05
F0690,FD0690,16.177625,75.790274,1.17,Loamy,Soybean,2026-03-22
F0691,FD0691,15.574161,79.446658,8.11,Red,Sugarcane,2026-05-25
F0692,FD0692,16.84391,80.146091,13.16,Black,Sugarcane,2026-06-26
F0693,FD0693,19.703481,73.261937,10.09,Sandy,Maize,2026-03-30
F0694,FD0694,19.482264,77.631236,2.66,Black,Sugarcane,2026-01-14
F0695,FD0695,15.569869,79.974971,7.83,Silty,Maize,2026-02-12
F0696,FD0696,15.949191,76.433184,3.99,Loamy,Cotton,2026-05-10
F0697,FD0697,16.836239,77.646539,6.35,Sandy,Cotton,2026-04-28
F0698,FD0698,18.165133,77.084279,1.78,Silty,Maize,2026-03-22
F0699,FD0699,16.212241,76.478987,9.97,Clay,Maize,2026-04-16
F0700,FD0700,15.714992,76.89279,12.48,Black,Sugarcane,2026-06-13
F0701,FD0701,17.327588,76.566702,3.5,Red,Maize,2026-03-29
F0702,FD0702,17.680055,72.934202,3.73,Silty,Rice,2026-05-24
F0703,FD0703,20.104498,77.299609,10.89,Loamy,Soybean,2026-04-26
F0704,FD0704,16.18414,78.57456,3.72,Loamy,Rice,2026-06-12
F0705,FD0705,21.286602,74.835869,8.07,Red,Cotton,2026-01-12
F0706,FD0706,20.881263,76.439377,12.42,Red,Soybean,2026-04-15
F0707,FD0707,16.141769,77.386814,3.22,Silty,Wheat,2026-04-28
F0708,FD0708,20.447325,74.02463,5.4,Silty,Cotton,2026-06-12
F0709,FD0709,20.524797,77.210489,11.7,Silty,Maize,2026-06-18
F0710,FD0710,19.035897,76.533581,14.48,Clay,Sugarcane,2026-01-13
F0711,FD0711,18.819358,75.962483,8.98,Black,Wheat,2026-06-27
F0712,FD0712,18.971326,78.343957,2.36,Silty,Soybean,2026-06-03
F0713,FD0713,19.136965,75.07475,13.28,Silty,Sugarcane,2026-06-27
F0714,FD0714,20.074248,74.688767,14.47,Loamy,Maize,2026-02-04
F0715,FD0715,16.32908,77.320196,13.35,Black,Rice,2026-06-29
F0716,FD0716,18.786836,75.011286,11.18,Black,Soybean,2026-02-25
F0717,FD0717,16.705334,77.493341,4.71,Loamy,Soybean,2026-02-03
F0718,FD0718,21.388013,77.700691,14.4,Black,Sugarcane,2026-06-27
F0719,FD0719,19.321265,78.182822,11.53,Black,Maize,2026-05-30
F0720,FD0720,18.923829,77.837258,6.55,Red,Sugarcane,2026-03-15
F0721,FD0721,20.764863,75.879091,0.69,Clay,Cotton,2026-04-08
F0722,FD0722,16.37196,77.862033,3.4,Sandy,Rice,2026-06-24
F0723,FD0723,17.003366,79.215055,10.51,Loamy,Wheat,2026-05-19
F0724,FD0724,15.693838,79.01221,1.99,Red,Soybean,2026-05-24
F0725,FD0725,20.689049,78.439302,8.64,Sandy,Sugarcane,2026-06-28
F0726,FD0726,17.225832,77.815949,13.93,Silty,Maize,2026-06-25
F0727,FD0727,17.375924,76.916997,0.69,Loamy,Wheat,2026-06-08
F0728,FD0728,20.7131,79.383558,6.92,Sandy,Soybean,2026-06-30
F0729,FD0729,19.757273,75.441929,9.03,Red,Sugarcane,2026-02-20
F0730,FD0730,20.15688,80.214319,4.77,Sandy,Soybean,2026-01-20
F0731,FD0731,16.621859,73.890361,7.95,Silty,Cotton,2026-04-20
F0732,FD0732,17.174673,74.613917,2.83,Loamy,Cotton,2026-03-26
F0733,FD0733,18.297988,79.999956,1.08,Loamy,Sugarcane,2026-01-14
F0734,FD0734,20.141966,77.502933,12.73,Loamy,Maize,2026-05-27
F0735,FD0735,18.800961,73.083046,10.76,Black,Wheat,2026-02-17
F0736,FD0736,18.623638,78.790066,2.81,Black,Sugarcane,2026-04-14
F0737,FD0737,16.051673,74.269585,3.59,Loamy,Rice,2026-04-03
F0738,FD0738,17.261446,80.102466,9.47,Silty,Sugarcane,2026-06-16
F0739,FD0739,15.552822,77.851508,6.96,Red,Sugarcane,2026-06-09
F0740,FD0740,16.962963,72.819018,13.34,Silty,Cotton,2026-04-09
F0741,FD0741,17.039543,78.291805,0.86,Black,Rice,2026-05-12
F0742,FD0742,20.3169,76.064455,1.14,Red,Wheat,2026-03-24
F0743,FD0743,18.583368,80.085695,2.93,Black,Sugarcane,2026-01-02
F0744,FD0744,19.261598,74.186252,9.63,Sandy,Soybean,2026-04-19
F0745,FD0745,20.51399,74.144637,12.52,Red,Maize,2026-06-15
F0746,FD0746,20.400526,73.076964,10.45,Clay,Maize,2026-03-26
F0747,FD0747,15.727318,73.085984,3.08,Loamy,Sugarcane,2026-01-19
F0748,FD0748,18.949774,74.321165,4.25,Silty,Maize,2026-06-11
F0749,FD0749,17.926688,75.031234,6.15,Clay,Sugarcane,2026-01-02
F0750,FD0750,19.348536,77.446795,11.46,Black,Cotton,2026-06-29
F0751,FD0751,20.589507,75.361601,7.79,Loamy,Soybean,2026-03-19
F0752,FD0752,19.139395,74.75214,13.94,Silty,Maize,2026-06-19
F0753,FD0753,15.684915,73.750588,3.69,Red,Maize,2026-05-20
F0754,FD0754,17.269871,77.572365,4.82,Red,Soybean,2026-04-06
F0755,FD0755,21.24435,72.589202,13.18,Sandy,Cotton,2026-01-11
F0756,FD0756,15.530179,77.273239,8.29,Clay,Rice,2026-02-23
F0757,FD0757,19.98978,79.728371,5.49,Silty,Soybean,2026-05-12
F0758,FD0758,16.354731,73.971942,9.44,Loamy,Wheat,2026-01-30
F0759,FD0759,16.588148,78.89728,12.86,Black,Maize,2026-06-15
F0760,FD0760,18.797988,74.825221,1.48,Clay,Wheat,2026-05-29
F0761,FD0761,18.423142,75.146807,2.36,Red,Wheat,2026-01-26
F0762,FD0762,17.210823,73.058471,3.31,Silty,Maize,2026-03-26
F0763,FD0763,19.198055,74.945404,8.97,Black,Sugarcane,2026-04-04
F0764,FD0764,20.346199,80.169271,2.95,Loamy,Wheat,2026-02-26
F0765,FD0765,19.773195,77.626708,4.51,Loamy,Wheat,2026-06-23
F0766,FD0766,19.897837,79.523087,7.21,Loamy,Rice,2026-05-05
F0767,FD0767,18.810031,73.906161,9.3,Loamy,Wheat,2026-05-18
F0768,FD0768,16.678592,78.368357,9.59,Red,Cotton,2026-01-05
F0769,FD0769,20.597524,77.553012,12.28,Black,Maize,2026-06-01
F0770,FD0770,16.776564,72.79325,4.28,Black,Maize,2026-06-17
F0771,FD0771,20.151183,75.426549,3.74,Black,Soybean,2026-03-16
F0772,FD0772,16.303288,76.508985,1.81,Loamy,Sugarcane,2026-01-03
F0773,FD0773,19.476071,79.283855,12.19,Black,Soybean,2026-02-12
F0774,FD0774,20.043236,73.622966,2.81,Black,Sugarcane,2026-06-18
F0775,FD0775,20.733171,73.669592,11.11,Loamy,Cotton,2026-02-26
F0776,FD0776,20.068834,74.353999,4.33,Sandy,Cotton,2026-06-21
F0777,FD0777,16.740644,79.761809,5.74,Silty,Maize,2026-01-12
F0778,FD0778,15.739428,77.688198,2.0,Black,Soybean,2026-03-12
F0779,FD0779,20.509234,74.606529,8.39,Sandy,Maize,2026-06-17
F0780,FD0780,17.771111,77.201431,13.52,Clay,Sugarcane,2026-03-06
F0781,FD0781,17.757973,79.757939,7.99,Loamy,Rice,2026-05-05
F0782,FD0782,20.255945,79.597376,0.6,Sandy,Maize,2026-02-12
F0783,FD0783,16.879945,76.61633,4.57,Sandy,Wheat,2026-02-10
F0784,FD0784,17.673338,78.238422,2.22,Sandy,Maize,2026-03-26
F0785,FD0785,19.821534,76.352133,7.44,Sandy,Sugarcane,2026-02-11
F0786,FD0786,19.383555,75.787194,4.03,Sandy,Sugarcane,2026-06-01
F0787,FD0787,16.466775,77.536323,1.07,Black,Wheat,2026-01-15
F0788,FD0788,16.498048,79.879575,7.99,Silty,Sugarcane,2026-05-25
F0789,FD0789,19.325736,79.528072,11.06,Loamy,Cotton,2026-02-25
F0790,FD0790,18.19522,80.442207,13.08,Sandy,Wheat,2026-04-16
F0791,FD0791,19.105032,78.856929,12.4,Sandy,Sugarcane,2026-06-18
F0792,FD0792,18.564829,73.841774,10.44,Silty,Sugarcane,2026-06-01
F0793,FD0793,15.913057,75.525691,2.42,Clay,Wheat,2026-05-14
F0794,FD0794,20.65755,76.534876,6.59,Sandy,Sugarcane,2026-01-25
F0795,FD0795,16.564533,79.712866,9.2,Black,Sugarcane,2026-01-31
F0796,FD0796,16.05914,77.775141,13.58,Black,Cotton,2026-06-23
F0797,FD0797,19.39539,76.676354,5.87,Clay,Soybean,2026-05-16
F0798,FD0798,18.073738,80.007373,7.49,Silty,Rice,2026-05-31
F0799,FD0799,20.327726,79.762871,12.64,Black,Cotton,2026-04-19
F0800,FD0800,16.303299,76.31713,3.87,Clay,Rice,2026-06-03
F0801,FD0801,20.760598,75.769174,3.24,Red,Soybean,2026-01-02
F0802,FD0802,18.967923,73.442629,0.6,Red,Wheat,2026-06-26
F0803,FD0803,20.325723,75.770761,2.05,Silty,Soybean,2026-05-30
F0804,FD0804,17.021796,79.339815,6.64,Loamy,Sugarcane,2026-03-12
F0805,FD0805,21.450792,75.679633,3.45,Black,Sugarcane,2026-05-04
F0806,FD0806,16.572318,76.972751,7.51,Loamy,Sugarcane,2026-03-30
F0807,FD0807,20.145167,75.685038,2.5,Red,Cotton,2026-02-28
F0808,FD0808,18.179569,78.094492,2.85,Sandy,Sugarcane,2026-04-13
F0809,FD0809,20.216487,78.90683,9.4,Red,Soybean,2026-01-14
F0810,FD0810,16.464428,80.216562,0.58,Clay,Wheat,2026-05-01
F0811,FD0811,21.055171,75.983019,1.43,Sandy,Rice,2026-01-21
F0812,FD0812,19.154173,78.295958,13.99,Silty,Sugarcane,2026-06-17
F0813,FD0813,18.626033,78.192847,9.16,Sandy,Soybean,2026-05-07
F0814,FD0814,18.133832,74.113658,10.02,Black,Rice,2026-02-19
F0815,FD0815,15.701656,77.296119,7.98,Sandy,Sugarcane,2026-02-13
F0816,FD0816,19.544146,75.37792,10.0,Sandy,Cotton,2026-03-12
F0817,FD0817,20.178037,75.325021,6.23,Black,Wheat,2026-05-13
F0818,FD0818,15.592199,78.128975,13.83,Black,Rice,2026-05-24
F0819,FD0819,20.990054,75.284762,14.47,Loamy,Wheat,2026-06-05
F0820,FD0820,21.278343,76.138072,6.36,Clay,Rice,2026-02-14
F0821,FD0821,17.942808,73.35172,1.55,Loamy,Rice,2026-01-30
F0822,FD0822,20.317653,80.153675,13.2,Black,Rice,2026-06-27
F0823,FD0823,18.156612,75.516642,7.51,Sandy,Rice,2026-04-28
F0824,FD0824,19.589568,79.672191,13.0,Silty,Cotton,2026-03-08
F0825,FD0825,15.905326,77.569294,14.92,Red,Soybean,2026-02-28
F0826,FD0826,20.300968,75.799408,5.62,Black,Cotton,2026-06-29
F0827,FD0827,20.493062,74.486061,1.85,Red,Soybean,2026-03-29
F0828,FD0828,15.956173,79.95117,7.41,Loamy,Wheat,2026-05-27
F0829,FD0829,17.114455,80.076945,10.41,Sandy,Maize,2026-02-21
F0830,FD0830,16.909168,74.436452,4.35,Sandy,Wheat,2026-03-05
F0831,FD0831,20.518008,75.348219,11.79,Clay,Cotton,2026-06-23
F0832,FD0832,21.234678,76.441319,0.6,Black,Cotton,2026-05-04
F0833,FD0833,17.727179,75.023335,13.52,Black,Rice,2026-05-06
F0834,FD0834,16.597231,78.614099,7.91,Silty,Wheat,2026-05-28
F0835,FD0835,16.269476,76.705884,6.64,Black,Cotton,2026-05-09
F0836,FD0836,17.583734,79.383201,11.75,Silty,Cotton,2026-06-28
F0837,FD0837,18.609231,75.02521,0.62,Red,Wheat,2026-04-08
F0838,FD0838,18.986049,75.10349,9.39,Loamy,Wheat,2026-05-21
F0839,FD0839,17.077094,74.655266,14.4,Loamy,Rice,2026-02-17
F0840,FD0840,18.49262,74.18426,10.66,Loamy,Rice,2026-04-13
F0841,FD0841,17.177777,73.939114,2.4,Black,Soybean,2026-02-28
F0842,FD0842,20.385144,78.266524,12.16,Black,Maize,2026-04-08
F0843,FD0843,16.676379,78.9003,11.21,Silty,Cotton,2026-02-15
F0844,FD0844,18.029124,73.575773,13.45,Red,Sugarcane,2026-05-17
F0845,FD0845,19.823362,78.782663,4.85,Black,Sugarcane,2026-01-13
F0846,FD0846,17.890411,78.024345,1.37,Loamy,Maize,2026-06-11
F0847,FD0847,16.077811,78.456746,4.27,Loamy,Sugarcane,2026-05-23
F0848,FD0848,21.091067,74.561719,0.79,Clay,Rice,2026-06-23
F0849,FD0849,21.278699,74.091665,8.85,Red,Sugarcane,2026-02-14
F0850,FD0850,21.376239,74.77687,5.21,Black,Maize,2026-04-25
F0851,FD0851,20.837795,75.548568,4.65,Red,Wheat,2026-02-12
F0852,FD0852,19.343484,79.928533,6.62,Black,Sugarcane,2026-04-14
F0853,FD0853,20.593405,73.070753,2.85,Sandy,Rice,2026-03-23
F0854,FD0854,19.418079,78.183468,9.28,Silty,Rice,2026-04-24
F0855,FD0855,20.185844,80.010159,11.34,Black,Maize,2026-04-16
F0856,FD0856,16.503909,79.333695,2.31,Sandy,Soybean,2026-03-06
F0857,FD0857,21.142624,78.105575,1.66,Sandy,Maize,2026-01-27
F0858,FD0858,16.073322,79.994349,7.36,Clay,Cotton,2026-04-12
F0859,FD0859,18.643897,80.46811,2.01,Black,Wheat,2026-01-22
F0860,FD0860,19.428996,79.583771,4.99,Sandy,Soybean,2026-03-14
F0861,FD0861,18.158963,73.511294,8.14,Sandy,Cotton,2026-01-09
F0862,FD0862,19.481295,79.382951,5.22,Silty,Maize,2026-05-19
F0863,FD0863,21.109145,76.888362,2.46,Red,Sugarcane,2026-02-15
F0864,FD0864,19.044986,76.152347,11.36,Black,Maize,2026-05-15
F0865,FD0865,19.338719,76.770273,13.68,Silty,Sugarcane,2026-02-28
F0866,FD0866,20.328247,76.034882,5.8,Loamy,Wheat,2026-03-19
F0867,FD0867,15.563335,76.68653,11.5,Sandy,Rice,2026-03-15
F0868,FD0868,18.315188,72.566537,13.87,Silty,Rice,2026-01-03
F0869,FD0869,20.095215,78.883718,9.16,Clay,Sugarcane,2026-04-06
F0870,FD0870,16.631426,79.557297,6.84,Sandy,Wheat,2026-06-15
F0871,FD0871,17.83834,75.526864,4.31,Silty,Soybean,2026-03-03
F0872,FD0872,18.59966,78.899673,9.39,Red,Soybean,2026-03-11
F0873,FD0873,17.208061,78.443415,12.23,Silty,Wheat,2026-01-18
F0874,FD0874,16.594443,74.816762,9.73,Black,Maize,2026-03-11
F0875,FD0875,19.702836,76.435968,5.15,Sandy,Cotton,2026-05-17
F0876,FD0876,15.632785,80.278661,4.59,Sandy,Soybean,2026-04-23
F0877,FD0877,19.862642,74.362484,2.68,Silty,Wheat,2026-03-29
F0878,FD0878,18.021458,78.785803,7.73,Loamy,Maize,2026-06-28
F0879,FD0879,20.248548,75.141989,12.73,Sandy,Cotton,2026-03-10
F0880,FD0880,20.153917,73.071078,7.32,Sandy,Rice,2026-04-08
F0881,FD0881,20.469512,73.475692,11.64,Sandy,Maize,2026-04-24
F0882,FD0882,16.982973,80.456283,3.39,Red,Cotton,2026-05-14
F0883,FD0883,19.496047,74.167577,6.14,Loamy,Rice,2026-02-10
F0884,FD0884,19.274986,72.837487,14.09,Black,Cotton,2026-03-06
F0885,FD0885,18.387378,74.890505,5.73,Clay,Soybean,2026-02-25
F0886,FD0886,21.339644,74.387727,6.8,Clay,Wheat,2026-03-12
F0887,FD0887,19.008181,75.666466,4.02,Clay,Sugarcane,2026-06-26
F0888,FD0888,18.351624,77.269698,5.89,Clay,Wheat,2026-02-10
F0889,FD0889,18.499515,77.987557,5.41,Red,Cotton,2026-01-16
F0890,FD0890,17.633106,73.731347,8.28,Clay,Wheat,2026-05-05
F0891,FD0891,16.896048,80.353406,11.93,Loamy,Maize,2026-02-19
F0892,FD0892,15.628117,75.522151,11.0,Loamy,Cotton,2026-05-05
F0893,FD0893,19.739756,76.972198,8.37,Silty,Wheat,2026-05-26
F0894,FD0894,16.61976,75.281317,11.12,Loamy,Sugarcane,2026-05-22
F0895,FD0895,16.46206,76.749099,7.02,Loamy,Sugarcane,2026-04-04
F0896,FD0896,18.224474,78.707343,7.84,Red,Wheat,2026-01-05
F0897,FD0897,19.218408,75.412602,9.49,Loamy,Soybean,2026-01-17
F0898,FD0898,19.449737,76.811652,6.12,Black,Soybean,2026-05-08
F0899,FD0899,20.094405,73.733052,4.61,Silty,Soybean,2026-03-24
F0900,FD0900,16.162785,76.685604,1.47,Sandy,Wheat,2026-01-09
F0901,FD0901,16.712474,76.382962,1.93,Black,Soybean,2026-04-10
F0902,FD0902,19.447528,76.706571,10.67,Loamy,Cotton,2026-04-04
F0903,FD0903,16.824337,78.242762,0.69,Sandy,Soybean,2026-05-06
F0904,FD0904,21.070422,79.156622,7.29,Red,Cotton,2026-04-03
F0905,FD0905,18.848119,80.005951,6.53,Loamy,Soybean,2026-01-15
F0906,FD0906,20.441858,74.626525,1.09,Clay,Rice,2026-01-20
F0907,FD0907,21.167621,80.184694,1.91,Red,Wheat,2026-05-17
F0908,FD0908,17.811987,74.044956,10.02,Black,Soybean,2026-02-15
F0909,FD0909,18.850541,76.965133,11.32,Red,Sugarcane,2026-04-02
F0910,FD0910,19.546955,78.120403,6.69,Clay,Wheat,2026-02-16
F0911,FD0911,18.799793,76.537542,10.03,Black,Sugarcane,2026-04-24
F0912,FD0912,21.10112,79.71988,8.48,Loamy,Rice,2026-04-16
F0913,FD0913,20.085106,75.944705,11.03,Black,Wheat,2026-05-25
F0914,FD0914,18.773757,75.500505,8.48,Red,Rice,2026-04-03
F0915,FD0915,21.269911,76.079998,6.26,Red,Cotton,2026-03-14
F0916,FD0916,19.074577,76.640875,14.9,Loamy,Cotton,2026-03-18
F0917,FD0917,21.406367,74.218583,5.07,Red,Rice,2026-05-22
F0918,FD0918,18.567629,77.065346,8.79,Clay,Cotton,2026-04-28
F0919,FD0919,17.633935,73.607266,5.82,Black,Wheat,2026-03-01
F0920,FD0920,17.037463,74.902419,8.77,Black,Wheat,2026-01-20
F0921,FD0921,19.841483,78.843234,3.01,Red,Soybean,2026-05-28
F0922,FD0922,20.417092,73.262912,9.81,Clay,Soybean,2026-05-28
F0923,FD0923,17.789277,78.740975,13.87,Loamy,Rice,2026-04-22
F0924,FD0924,17.99913,79.442649,13.11,Sandy,Soybean,2026-06-17
F0925,FD0925,20.596869,79.929225,9.69,Red,Maize,2026-01-14
F0926,FD0926,17.3287,72.829458,8.33,Sandy,Rice,2026-05-09
F0927,FD0927,19.686612,73.72558,10.27,Silty,Maize,2026-06-02
F0928,FD0928,18.951529,73.220664,6.76,Silty,Wheat,2026-02-03
F0929,FD0929,17.517009,76.306837,11.31,Black,Maize,2026-03-09
F0930,FD0930,16.010474,76.514585,11.72,Sandy,Wheat,2026-05-04
F0931,FD0931,18.855777,76.402889,9.96,Sandy,Sugarcane,2026-06-07
F0932,FD0932,21.482473,76.693982,4.01,Loamy,Maize,2026-03-24
F0933,FD0933,19.608428,77.108146,2.13,Silty,Maize,2026-04-04
F0934,FD0934,17.589847,75.065907,9.11,Clay,Rice,2026-02-13
F0935,FD0935,21.425912,77.429768,14.86,Silty,Sugarcane,2026-02-07
F0936,FD0936,18.142781,79.893706,3.89,Red,Rice,2026-02-09
F0937,FD0937,20.046403,79.322113,2.13,Clay,Wheat,2026-06-08
F0938,FD0938,21.060378,79.450019,12.39,Clay,Rice,2026-06-27
F0939,FD0939,20.325685,74.940944,7.33,Loamy,Wheat,2026-05-18
F0940,FD0940,16.771252,76.871394,11.38,Black,Maize,2026-06-09
F0941,FD0941,19.879542,73.630779,10.63,Clay,Maize,2026-05-30
F0942,FD0942,20.936242,76.714393,4.2,Clay,Rice,2026-02-21
F0943,FD0943,20.235131,77.443718,1.27,Red,Cotton,2026-01-18
F0944,FD0944,17.831871,74.670483,12.86,Red,Rice,2026-01-28
F0945,FD0945,15.61447,79.439284,9.92,Sandy,Maize,2026-05-11
F0946,FD0946,21.359672,73.29683,5.07,Black,Sugarcane,2026-01-23
F0947,FD0947,16.618504,76.505207,7.14,Red,Cotton,2026-01-11
F0948,FD0948,16.984353,76.735323,5.34,Silty,Soybean,2026-02-10
F0949,FD0949,15.610233,77.974491,5.65,Loamy,Wheat,2026-05-09
F0950,FD0950,17.15527,72.996078,4.24,Silty,Cotton,2026-05-23
F0951,FD0951,21.194699,74.304662,5.46,Silty,Soybean,2026-02-05
F0952,FD0952,16.02677,75.557657,14.43,Black,Soybean,2026-06-25
F0953,FD0953,16.864568,74.422886,2.71,Loamy,Sugarcane,2026-03-26
F0954,FD0954,18.195015,73.554177,9.96,Black,Sugarcane,2026-06-25
F0955,FD0955,20.30063,79.400701,4.98,Red,Sugarcane,2026-02-04
F0956,FD0956,18.080386,79.772017,11.67,Red,Sugarcane,2026-02-10
F0957,FD0957,17.404977,76.958722,14.25,Clay,Wheat,2026-03-23
F0958,FD0958,20.537135,73.664183,0.93,Loamy,Maize,2026-04-16
F0959,FD0959,17.320089,78.464878,12.41,Red,Soybean,2026-03-12
F0960,FD0960,16.411742,74.003469,2.41,Clay,Sugarcane,2026-06-07
F0961,FD0961,17.101176,77.036345,3.85,Sandy,Wheat,2026-06-25
F0962,FD0962,15.656507,73.135803,11.81,Sandy,Sugarcane,2026-06-04
F0963,FD0963,18.312581,77.696548,3.17,Silty,Maize,2026-05-02
F0964,FD0964,16.325076,74.046079,0.97,Clay,Rice,2026-04-16
F0965,FD0965,16.835325,77.870713,3.44,Sandy,Cotton,2026-02-15
F0966,FD0966,21.062619,80.385021,13.07,Silty,Soybean,2026-03-25
F0967,FD0967,20.700649,79.600695,6.7,Clay,Sugarcane,2026-04-08
F0968,FD0968,19.821205,75.653206,14.12,Black,Sugarcane,2026-05-18
F0969,FD0969,18.651383,79.506264,11.91,Black,Cotton,2026-04-26
F0970,FD0970,18.241403,79.522136,13.23,Sandy,Sugarcane,2026-05-18
F0971,FD0971,17.873667,78.381361,8.59,Black,Soybean,2026-01-13
F0972,FD0972,16.639102,76.016431,13.32,Loamy,Maize,2026-02-12
F0973,FD0973,18.034773,77.405074,1.29,Black,Wheat,2026-04-29
F0974,FD0974,20.479361,76.113585,10.98,Clay,Wheat,2026-05-30
F0975,FD0975,21.127055,78.068913,2.46,Silty,Rice,2026-04-26
F0976,FD0976,15.649473,76.129446,13.5,Sandy,Maize,2026-01-24
F0977,FD0977,17.000494,78.033739,13.65,Sandy,Soybean,2026-02-01
F0978,FD0978,16.047147,78.149814,9.69,Clay,Sugarcane,2026-04-09
F0979,FD0979,19.861243,80.301531,9.38,Sandy,Maize,2026-05-21
F0980,FD0980,17.783642,78.646083,13.73,Black,Soybean,2026-02-08
F0981,FD0981,16.472745,73.656859,11.65,Clay,Maize,2026-03-20
F0982,FD0982,17.35711,78.649043,6.97,Red,Wheat,2026-01-31
F0983,FD0983,20.891251,80.183471,0.55,Loamy,Cotton,2026-04-28
F0984,FD0984,18.485766,76.489138,12.21,Black,Maize,2026-03-02
F0985,FD0985,16.801243,77.775765,7.08,Silty,Cotton,2026-06-03
F0986,FD0986,19.100613,74.457705,8.44,Black,Soybean,2026-05-23
F0987,FD0987,20.420728,74.161101,3.18,Clay,Soybean,2026-03-31
F0988,FD0988,15.720326,79.330634,10.17,Black,Rice,2026-03-26
F0989,FD0989,21.022308,72.892251,6.55,Sandy,Wheat,2026-06-22
F0990,FD0990,17.206283,77.787397,10.65,Black,Sugarcane,2026-02-15
F0991,FD0991,21.29776,78.494678,5.72,Clay,Cotton,2026-03-18
F0992,FD0992,17.436931,79.680238,12.39,Silty,Sugarcane,2026-01-17
F0993,FD0993,17.256996,73.576366,10.57,Loamy,Rice,2026-05-15
F0994,FD0994,17.982547,74.178763,3.53,Clay,Cotton,2026-05-27
F0995,FD0995,19.878371,77.531829,14.81,Silty,Soybean,2026-06-26
F0996,FD0996,19.128668,78.805479,10.75,Silty,Sugarcane,2026-03-23
F0997,FD0997,17.05796,77.101142,9.54,Sandy,Sugarcane,2026-05-25
F0998,FD0998,18.478382,78.333478,7.72,Sandy,Sugarcane,2026-03-01
F0999,FD0999,19.751522,80.334061,0.52,Clay,Maize,2026-06-10
F1000,FD1000,20.280395,78.399747,3.51,Black,Maize,2026-04-16
